{
  "train_losses": [
    1.0581244497525575,
    0.8156506046372064,
    0.752862159053275,
    0.7108745855232245,
    0.6760662465771069,
    0.6456879231160803,
    0.6162578478826107,
    0.5921819134592201,
    0.5703968320044702,
    0.5523699898533831,
    0.5404462189874707,
    0.5267128697129776,
    0.5178708549428902,
    0.5068082508954592,
    0.5010554028258076,
    0.49286961409501234,
    0.48381243211574454,
    0.47805893374010416,
    0.46969986359428084,
    0.4649656706608231,
    0.45777839213362653,
    0.4524839929534514,
    0.44757930425745973,
    0.4425581324657463,
    0.4377018993589873,
    0.43633339910598834,
    0.43137076444862116,
    0.4272075104327155,
    0.421404488266817,
    0.4167245846429802,
    0.4151944489623248,
    0.4093859391209768,
    0.4088643483070835,
    0.40394630518930696,
    0.4001726869047362,
    0.3953297100596259,
    0.39584370191576074,
    0.3905315225790925,
    0.38813872665683397,
    0.38444666769959107,
    0.3810414687001175,
    0.37852005637514025,
    0.37709456410458325,
    0.37164332186515475,
    0.36942118411348923,
    0.3651142456002404,
    0.3628907759744778,
    0.3588904024922228,
    0.35740724845474253,
    0.3508918683669939,
    0.35060600195846436,
    0.34503059355316074,
    0.3456717574661534,
    0.34486969750719854,
    0.3458998284913942,
    0.3453332907839565,
    0.34228745571701885,
    0.34333848150920043,
    0.3448009445769228,
    0.3416877954681744,
    0.34328953924321465,
    0.3444687765717686,
    0.34053276534267357,
    0.3405471977798132,
    0.3415921686305619,
    0.34265658635570306,
    0.33999988088593414,
    0.33907708056838154,
    0.33958379096704583,
    0.34034118849079503,
    0.33804867672084776,
    0.33936141218538113,
    0.33716364838211,
    0.33708664217925915,
    0.33900688905282944,
    0.3377714350022314,
    0.33650734570907664,
    0.338827105813127,
    0.3350288253656526,
    0.33612928894919025,
    0.33635208812439094,
    0.3364128738967386,
    0.3343084864571028,
    0.33343297450858667,
    0.33237040052983485,
    0.3325831890948392,
    0.3339493206583564,
    0.33132705870614343,
    0.33006060564751544,
    0.33410203731432836,
    0.33435388889722384,
    0.333416968252799,
    0.33202671206302903,
    0.33144104603703256,
    0.33209911615959037,
    0.3311674908117953,
    0.33181069880589203,
    0.3304797545940066,
    0.3286453109703391,
    0.32769098550013875
  ],
  "train_accuracies": [
    50.74225929591404,
    64.32913897921674,
    66.89052264479947,
    68.34205193458693,
    69.88783637306187,
    72.09105047363212,
    74.2306423488383,
    75.61148027711013,
    76.86271737593665,
    77.54606720392101,
    78.17757670012725,
    78.88684669400065,
    79.16489938262878,
    79.67858994297563,
    80.07446156746312,
    80.32423771148498,
    80.68005089778029,
    80.9769546161459,
    81.49300155520996,
    81.7286394269287,
    81.96192091993025,
    82.20227154908336,
    82.5156699184693,
    82.49917526744899,
    82.6664781563693,
    82.84320656015835,
    83.08591356802866,
    83.39931193741458,
    83.68443376219426,
    83.64437532400207,
    83.78340166831613,
    83.97898110184269,
    83.89886422545831,
    84.00725764644893,
    84.29002309251143,
    84.64583627880673,
    84.5397992365333,
    84.74009142749422,
    84.72830953390829,
    85.00400584381921,
    85.07469720533484,
    85.25613836655828,
    85.35039351524577,
    85.56718035722702,
    85.52240916160045,
    85.80517460766295,
    85.84052028842075,
    86.07851453885668,
    86.16805693010981,
    86.40133842311137,
    86.38248739337386,
    86.61576888637542,
    86.61341250765823,
    86.57571044818323,
    86.54036476742542,
    86.58984872048636,
    86.73830057966916,
    86.66525283943635,
    86.48145529949574,
    86.70295489891136,
    86.53093925255668,
    86.52151373768793,
    86.74536971582073,
    86.7500824732551,
    86.77835901786135,
    86.7123804137801,
    86.81134831990198,
    86.69824214147698,
    86.7500824732551,
    86.80192280503323,
    86.87968330270041,
    86.75715160940666,
    87.02577878316603,
    86.79721004759885,
    86.8443376219426,
    86.98572034497384,
    86.89146519628635,
    87.03991705546916,
    87.0493425703379,
    87.04227343418634,
    87.00221499599415,
    86.95037466421603,
    87.13417220415666,
    87.11060841698477,
    87.18836891465196,
    87.08233187237853,
    86.99750223855978,
    87.23314011027853,
    87.37687921202696,
    87.08468825109571,
    87.13652858287384,
    87.12710306800508,
    87.27319854847072,
    87.32032612281446,
    87.12710306800508,
    87.17658702106603,
    87.19308167208634,
    87.37452283330977,
    87.36745369715821,
    87.43343230123945
  ],
  "val_losses": [
    0.8380464116133839,
    0.7453198571162052,
    0.6907793078795973,
    0.6534995835229575,
    0.6218807647027165,
    0.5896085391202605,
    0.5617403158222336,
    0.5357241209551512,
    0.517838899809194,
    0.5025292670870402,
    0.4923879965601197,
    0.48152420885232555,
    0.4716134975294033,
    0.4647157998778016,
    0.4589513532189001,
    0.4540281600083213,
    0.4418562432100256,
    0.43738404437001926,
    0.42756497146314887,
    0.42185780675296325,
    0.4183343828442585,
    0.4138840923018484,
    0.40687990341200886,
    0.406401041536087,
    0.3985204090285732,
    0.3956489705716271,
    0.39270402149981765,
    0.388849466186331,
    0.38619050760585144,
    0.38413678170237914,
    0.3797789254192128,
    0.3757865608681038,
    0.3738572092345321,
    0.36927542355225745,
    0.36728112711515054,
    0.3613987272403326,
    0.35849045872329227,
    0.3576685419104185,
    0.3511730413435094,
    0.3505657357668661,
    0.35068321290863563,
    0.3437836485050888,
    0.3406690736132932,
    0.33472605446824827,
    0.33382794756936024,
    0.3312339146273682,
    0.32743293511490507,
    0.32104270885058916,
    0.31926048497658177,
    0.31328706467995443,
    0.31127940636711665,
    0.310879161401865,
    0.31042849411626894,
    0.3097906387354954,
    0.30974279765982227,
    0.3088435193591089,
    0.30862719161682817,
    0.3083372082651021,
    0.30764273886221,
    0.30725305022514726,
    0.3067719568105706,
    0.30648931001414015,
    0.3056733708783805,
    0.30552631152053195,
    0.3055933040892144,
    0.3051532211163676,
    0.3041342647678881,
    0.303953353809305,
    0.3034237411366888,
    0.3029341414032212,
    0.3022817783730935,
    0.3029870614858277,
    0.3016972544726478,
    0.30124779974660243,
    0.30155752188559753,
    0.3002015244529908,
    0.3001837050878858,
    0.3002692165907966,
    0.2998110916779702,
    0.30017220771994935,
    0.2996720510074891,
    0.29871418867933464,
    0.2984771130449442,
    0.298213264736605,
    0.29774424166654245,
    0.29744677068329,
    0.29685972758894225,
    0.2961758235806083,
    0.2955752101289221,
    0.2957526790314769,
    0.29643199206834814,
    0.29493697075150815,
    0.2948318445179836,
    0.29504122138472205,
    0.2944535691605275,
    0.2937555950224759,
    0.2931297883301614,
    0.2929786463010024,
    0.2929263252271227,
    0.2923263296125883
  ],